{"cameraMode":{"drawMode":0,"name":"Shaded","section":"Shading Mode"},"sceneLighting":true,"audioPlay":false,"sceneViewState":{"showFog":true,"showMaterialUpdate":false,"showSkybox":false,"showFlares":true,"showImageEffects":true,"showParticleSystems":true},"in2DMode":false,"pivot":{"x":-161.1783447265625,"y":276.6694641113281,"z":-15.87646484375},"rotation":{"x":0.019122693687677385,"y":0.44595304131507876,"z":-0.009404024109244347,"w":0.8948802947998047},"size":7165.767578125,"orthographic":false}